stadiumId,sectionId,rowLabel,isAda,covered,isEntrance,seatCount,status,sourceIds
levis-stadium,101,1,false,false,false,,provided-source,src-mvp-json|src-rows-csv
levis-stadium,101,1W,true,false,false,,provided-source,src-mvp-json|src-rows-csv
levis-stadium,101,3,false,false,false,,provided-source,src-mvp-json|src-rows-csv
levis-stadium,101,4,false,false,false,,provided-source,src-mvp-json|src-rows-csv
levis-stadium,101,5,false,false,false,,provided-source,src-mvp-json|src-rows-csv
levis-stadium,101,6,false,false,false,,provided-source,src-mvp-json|src-rows-csv
levis-stadium,101,7,false,false,false,,provided-source,src-mvp-json|src-rows-csv
levis-stadium,101,8,false,false,false,,provided-source,src-mvp-json|src-rows-csv
levis-stadium,101,9,false,false,false,,provided-source,src-mvp-json|src-rows-csv
levis-stadium,101,10,false,false,false,,provided-source,src-mvp-json|src-rows-csv
levis-stadium,101,11,false,false,false,,provided-source,src-mvp-json|src-rows-csv
levis-stadium,101,12,false,false,false,,provided-source,src-mvp-json|src-rows-csv
levis-stadium,101,13,false,false,false,,provided-source,src-mvp-json|src-rows-csv
levis-stadium,101,14,false,false,false,,provided-source,src-mvp-json|src-rows-csv
levis-stadium,101,15,false,false,false,,provided-source,src-mvp-json|src-rows-csv
levis-stadium,101,16,false,false,false,,provided-source,src-mvp-json|src-rows-csv
levis-stadium,101,17,false,false,false,,provided-source,src-mvp-json|src-rows-csv
levis-stadium,101,18,false,false,false,,provided-source,src-mvp-json|src-rows-csv
levis-stadium,101,19,false,false,false,,provided-source,src-mvp-json|src-rows-csv
levis-stadium,101,20,false,false,false,,provided-source,src-mvp-json|src-rows-csv
levis-stadium,101,21,false,false,false,,provided-source,src-mvp-json|src-rows-csv
levis-stadium,101,22,false,false,false,,provided-source,src-mvp-json|src-rows-csv
levis-stadium,101,23,false,false,false,,provided-source,src-mvp-json|src-rows-csv
levis-stadium,101,24,false,false,false,,provided-source,src-mvp-json|src-rows-csv
levis-stadium,101,25,false,false,false,,provided-source,src-mvp-json|src-rows-csv
levis-stadium,101,26,false,false,false,,provided-source,src-mvp-json|src-rows-csv
levis-stadium,101,27,false,false,false,,provided-source,src-mvp-json|src-rows-csv
levis-stadium,101,28,false,false,false,,provided-source,src-mvp-json|src-rows-csv
levis-stadium,101,29,false,false,false,,provided-source,src-mvp-json|src-rows-csv
levis-stadium,101,30,false,false,false,,provided-source,src-mvp-json|src-rows-csv
levis-stadium,101,31,false,false,false,,provided-source,src-mvp-json|src-rows-csv
levis-stadium,101,32,false,false,false,,provided-source,src-mvp-json|src-rows-csv
levis-stadium,101,33,false,false,false,,provided-source,src-mvp-json|src-rows-csv
levis-stadium,101,35W,true,false,false,,provided-source,src-mvp-json|src-rows-csv
levis-stadium,102,1,false,false,false,,provided-source,src-mvp-json|src-rows-csv
levis-stadium,102,2,false,false,false,,provided-source,src-mvp-json|src-rows-csv
levis-stadium,102,3,false,false,false,,provided-source,src-mvp-json|src-rows-csv
levis-stadium,102,4,false,false,false,,provided-source,src-mvp-json|src-rows-csv
levis-stadium,102,5,false,false,false,,provided-source,src-mvp-json|src-rows-csv
levis-stadium,102,6,false,false,false,,provided-source,src-mvp-json|src-rows-csv
levis-stadium,102,7,false,false,false,,provided-source,src-mvp-json|src-rows-csv
levis-stadium,102,8,false,false,false,,provided-source,src-mvp-json|src-rows-csv
levis-stadium,102,9,false,false,false,,provided-source,src-mvp-json|src-rows-csv
levis-stadium,102,10,false,false,false,,provided-source,src-mvp-json|src-rows-csv
levis-stadium,102,11,false,false,false,,provided-source,src-mvp-json|src-rows-csv
levis-stadium,102,12,false,false,false,,provided-source,src-mvp-json|src-rows-csv
levis-stadium,102,13,false,false,false,,provided-source,src-mvp-json|src-rows-csv
levis-stadium,102,14,false,false,false,,provided-source,src-mvp-json|src-rows-csv
levis-stadium,102,15,false,false,false,,provided-source,src-mvp-json|src-rows-csv
levis-stadium,102,16,false,false,false,,provided-source,src-mvp-json|src-rows-csv
levis-stadium,102,17,false,false,false,,provided-source,src-mvp-json|src-rows-csv
levis-stadium,102,18,false,false,false,,provided-source,src-mvp-json|src-rows-csv
levis-stadium,102,19,false,false,false,,provided-source,src-mvp-json|src-rows-csv
levis-stadium,102,20,false,false,false,,provided-source,src-mvp-json|src-rows-csv
levis-stadium,102,21,false,false,false,,provided-source,src-mvp-json|src-rows-csv
levis-stadium,102,22,false,false,false,,provided-source,src-mvp-json|src-rows-csv
levis-stadium,102,23,false,false,false,,provided-source,src-mvp-json|src-rows-csv
levis-stadium,102,24,false,false,false,,provided-source,src-mvp-json|src-rows-csv
levis-stadium,102,25,false,false,false,,provided-source,src-mvp-json|src-rows-csv
levis-stadium,102,26,false,false,false,,provided-source,src-mvp-json|src-rows-csv
levis-stadium,102,27,false,false,false,,provided-source,src-mvp-json|src-rows-csv
levis-stadium,102,28,false,false,false,,provided-source,src-mvp-json|src-rows-csv
levis-stadium,102,29,false,false,false,,provided-source,src-mvp-json|src-rows-csv
levis-stadium,102,30,false,false,false,,provided-source,src-mvp-json|src-rows-csv
levis-stadium,102,31,false,false,false,,provided-source,src-mvp-json|src-rows-csv
levis-stadium,102,32,false,false,false,,provided-source,src-mvp-json|src-rows-csv
levis-stadium,102,33,false,false,false,,provided-source,src-mvp-json|src-rows-csv
levis-stadium,102,34,false,false,false,,provided-source,src-mvp-json|src-rows-csv
levis-stadium,102,35,false,false,false,,provided-source,src-mvp-json|src-rows-csv
levis-stadium,102,36,false,false,false,,provided-source,src-mvp-json|src-rows-csv
levis-stadium,102,37,false,false,false,,provided-source,src-mvp-json|src-rows-csv
levis-stadium,104,1,false,false,false,,provided-source,src-mvp-json|src-rows-csv
levis-stadium,104,3,false,false,false,,provided-source,src-mvp-json|src-rows-csv
levis-stadium,104,4,false,false,false,,provided-source,src-mvp-json|src-rows-csv
levis-stadium,104,5,false,false,false,,provided-source,src-mvp-json|src-rows-csv
levis-stadium,104,6,false,false,false,,provided-source,src-mvp-json|src-rows-csv
levis-stadium,104,7,false,false,false,,provided-source,src-mvp-json|src-rows-csv
levis-stadium,104,8,false,false,false,,provided-source,src-mvp-json|src-rows-csv
levis-stadium,104,9,false,false,false,,provided-source,src-mvp-json|src-rows-csv
levis-stadium,104,10,false,false,false,,provided-source,src-mvp-json|src-rows-csv
levis-stadium,104,11,false,false,false,,provided-source,src-mvp-json|src-rows-csv
levis-stadium,104,12,false,false,false,,provided-source,src-mvp-json|src-rows-csv
levis-stadium,104,13,false,false,false,,provided-source,src-mvp-json|src-rows-csv
levis-stadium,104,14,false,false,false,,provided-source,src-mvp-json|src-rows-csv
levis-stadium,104,15,false,false,false,,provided-source,src-mvp-json|src-rows-csv
levis-stadium,104,16,false,false,false,,provided-source,src-mvp-json|src-rows-csv
levis-stadium,104,17,false,false,false,,provided-source,src-mvp-json|src-rows-csv
levis-stadium,104,18,false,false,false,,provided-source,src-mvp-json|src-rows-csv
levis-stadium,104,19,false,false,false,,provided-source,src-mvp-json|src-rows-csv
levis-stadium,104,20,false,false,false,,provided-source,src-mvp-json|src-rows-csv
levis-stadium,104,21,false,false,false,,provided-source,src-mvp-json|src-rows-csv
levis-stadium,104,22,false,false,false,,provided-source,src-mvp-json|src-rows-csv
levis-stadium,104,23,false,false,false,,provided-source,src-mvp-json|src-rows-csv
levis-stadium,104,24,false,false,false,,provided-source,src-mvp-json|src-rows-csv
levis-stadium,104,25,false,false,false,,provided-source,src-mvp-json|src-rows-csv
levis-stadium,104,26,false,false,false,,provided-source,src-mvp-json|src-rows-csv
levis-stadium,104,27,false,false,false,,provided-source,src-mvp-json|src-rows-csv
levis-stadium,104,28,false,false,false,,provided-source,src-mvp-json|src-rows-csv
levis-stadium,104,29,false,false,false,,provided-source,src-mvp-json|src-rows-csv
levis-stadium,104,30,false,false,false,,provided-source,src-mvp-json|src-rows-csv
levis-stadium,104,31,false,false,false,,provided-source,src-mvp-json|src-rows-csv
levis-stadium,104,32,false,false,false,,provided-source,src-mvp-json|src-rows-csv
levis-stadium,104,33,false,false,false,,provided-source,src-mvp-json|src-rows-csv
levis-stadium,104,34,false,false,false,,provided-source,src-mvp-json|src-rows-csv
levis-stadium,104,35,false,true,false,,provided-source,src-mvp-json|src-rows-csv
levis-stadium,104,36,false,true,false,,provided-source,src-mvp-json|src-rows-csv
levis-stadium,104,37,false,true,true,,provided-source,src-mvp-json|src-rows-csv
levis-stadium,118,1,false,false,false,,provided-source,src-mvp-json|src-rows-csv
levis-stadium,118,2,false,false,false,,provided-source,src-mvp-json|src-rows-csv
levis-stadium,118,3,false,false,false,,provided-source,src-mvp-json|src-rows-csv
levis-stadium,118,4,false,false,false,,provided-source,src-mvp-json|src-rows-csv
levis-stadium,118,5,false,false,false,,provided-source,src-mvp-json|src-rows-csv
levis-stadium,118,6,false,false,false,,provided-source,src-mvp-json|src-rows-csv
levis-stadium,118,7,false,false,false,,provided-source,src-mvp-json|src-rows-csv
levis-stadium,118,8,false,false,false,,provided-source,src-mvp-json|src-rows-csv
levis-stadium,118,9,false,false,false,,provided-source,src-mvp-json|src-rows-csv
levis-stadium,118,10,false,false,false,,provided-source,src-mvp-json|src-rows-csv
levis-stadium,118,11,false,false,false,,provided-source,src-mvp-json|src-rows-csv
levis-stadium,118,12,false,false,false,,provided-source,src-mvp-json|src-rows-csv
levis-stadium,118,13,false,false,false,,provided-source,src-mvp-json|src-rows-csv
levis-stadium,118,14,false,false,false,,provided-source,src-mvp-json|src-rows-csv
levis-stadium,118,15,false,false,false,,provided-source,src-mvp-json|src-rows-csv
levis-stadium,118,16,false,false,false,,provided-source,src-mvp-json|src-rows-csv
levis-stadium,118,17,false,false,false,,provided-source,src-mvp-json|src-rows-csv
levis-stadium,118,18,false,false,false,,provided-source,src-mvp-json|src-rows-csv
levis-stadium,118,19,false,false,false,,provided-source,src-mvp-json|src-rows-csv
levis-stadium,118,20,false,false,false,,provided-source,src-mvp-json|src-rows-csv
levis-stadium,118,21,false,false,false,,provided-source,src-mvp-json|src-rows-csv
levis-stadium,118,22,false,false,false,,provided-source,src-mvp-json|src-rows-csv
levis-stadium,118,23,false,false,false,,provided-source,src-mvp-json|src-rows-csv
levis-stadium,118,24,false,false,false,,provided-source,src-mvp-json|src-rows-csv
levis-stadium,118,25,false,false,false,,provided-source,src-mvp-json|src-rows-csv
levis-stadium,118,26,false,false,false,,provided-source,src-mvp-json|src-rows-csv
levis-stadium,118,27,false,false,false,,provided-source,src-mvp-json|src-rows-csv
levis-stadium,118,28,false,false,false,,provided-source,src-mvp-json|src-rows-csv
levis-stadium,118,29,false,false,false,,provided-source,src-mvp-json|src-rows-csv
levis-stadium,118,30,false,false,false,,provided-source,src-mvp-json|src-rows-csv
levis-stadium,118,31,false,false,false,,provided-source,src-mvp-json|src-rows-csv
levis-stadium,118,32,false,false,false,,provided-source,src-mvp-json|src-rows-csv
levis-stadium,118,33,false,false,false,,provided-source,src-mvp-json|src-rows-csv
levis-stadium,118,34,false,false,false,,provided-source,src-mvp-json|src-rows-csv
levis-stadium,118,35,false,false,false,,provided-source,src-mvp-json|src-rows-csv
levis-stadium,118,36,false,false,false,,provided-source,src-mvp-json|src-rows-csv
levis-stadium,118,37,false,false,false,,provided-source,src-mvp-json|src-rows-csv
levis-stadium,119,1,false,false,false,,provided-source,src-mvp-json|src-rows-csv
levis-stadium,119,2,false,false,false,,provided-source,src-mvp-json|src-rows-csv
levis-stadium,119,3,false,false,false,,provided-source,src-mvp-json|src-rows-csv
levis-stadium,119,4,false,false,false,,provided-source,src-mvp-json|src-rows-csv
levis-stadium,119,5,false,false,false,,provided-source,src-mvp-json|src-rows-csv
levis-stadium,119,6,false,false,false,,provided-source,src-mvp-json|src-rows-csv
levis-stadium,119,7,false,false,false,,provided-source,src-mvp-json|src-rows-csv
levis-stadium,119,8,false,false,false,,provided-source,src-mvp-json|src-rows-csv
levis-stadium,119,9,false,false,false,,provided-source,src-mvp-json|src-rows-csv
levis-stadium,119,10,false,false,false,,provided-source,src-mvp-json|src-rows-csv
levis-stadium,119,11,false,false,false,,provided-source,src-mvp-json|src-rows-csv
levis-stadium,119,12,false,false,false,,provided-source,src-mvp-json|src-rows-csv
levis-stadium,119,13,false,false,false,,provided-source,src-mvp-json|src-rows-csv
levis-stadium,119,14,false,false,false,,provided-source,src-mvp-json|src-rows-csv
levis-stadium,119,15,false,false,false,,provided-source,src-mvp-json|src-rows-csv
levis-stadium,119,16,false,false,false,,provided-source,src-mvp-json|src-rows-csv
levis-stadium,119,17,false,false,false,,provided-source,src-mvp-json|src-rows-csv
levis-stadium,119,18,false,false,false,,provided-source,src-mvp-json|src-rows-csv
levis-stadium,119,19,false,false,false,,provided-source,src-mvp-json|src-rows-csv
levis-stadium,119,20,false,false,false,,provided-source,src-mvp-json|src-rows-csv
levis-stadium,119,21,false,false,false,,provided-source,src-mvp-json|src-rows-csv
levis-stadium,119,22,false,false,false,,provided-source,src-mvp-json|src-rows-csv
levis-stadium,119,23,false,false,false,,provided-source,src-mvp-json|src-rows-csv
levis-stadium,119,24,false,false,false,,provided-source,src-mvp-json|src-rows-csv
levis-stadium,119,25,false,false,false,,provided-source,src-mvp-json|src-rows-csv
levis-stadium,119,26,false,false,false,,provided-source,src-mvp-json|src-rows-csv
levis-stadium,119,27,false,false,false,,provided-source,src-mvp-json|src-rows-csv
levis-stadium,119,28,false,false,false,,provided-source,src-mvp-json|src-rows-csv
levis-stadium,119,29,false,false,false,,provided-source,src-mvp-json|src-rows-csv
levis-stadium,119,30,false,false,false,,provided-source,src-mvp-json|src-rows-csv
levis-stadium,119,31,false,false,false,,provided-source,src-mvp-json|src-rows-csv
levis-stadium,119,32,false,false,false,,provided-source,src-mvp-json|src-rows-csv
levis-stadium,119,33,false,false,false,,provided-source,src-mvp-json|src-rows-csv
levis-stadium,119,34,false,false,false,,provided-source,src-mvp-json|src-rows-csv
levis-stadium,119,35,false,false,false,,provided-source,src-mvp-json|src-rows-csv
levis-stadium,119,36,false,false,false,,provided-source,src-mvp-json|src-rows-csv
levis-stadium,119,37,false,false,false,,provided-source,src-mvp-json|src-rows-csv
levis-stadium,138VIP,6,false,false,false,,provided-source,src-mvp-json|src-rows-csv
levis-stadium,138VIP,7,false,false,false,,provided-source,src-mvp-json|src-rows-csv
levis-stadium,138VIP,8,false,false,false,,provided-source,src-mvp-json|src-rows-csv
levis-stadium,138VIP,9,false,false,false,,provided-source,src-mvp-json|src-rows-csv
levis-stadium,138VIP,10,false,false,false,,provided-source,src-mvp-json|src-rows-csv
levis-stadium,138VIP,11,false,false,false,,provided-source,src-mvp-json|src-rows-csv
levis-stadium,138VIP,12,false,false,false,,provided-source,src-mvp-json|src-rows-csv
levis-stadium,138VIP,13,false,false,false,,provided-source,src-mvp-json|src-rows-csv
levis-stadium,138VIP,14,false,false,false,,provided-source,src-mvp-json|src-rows-csv
levis-stadium,138VIP,15,false,false,false,,provided-source,src-mvp-json|src-rows-csv
levis-stadium,138VIP,16,false,false,false,,provided-source,src-mvp-json|src-rows-csv
levis-stadium,138VIP,17,false,false,false,,provided-source,src-mvp-json|src-rows-csv
levis-stadium,138VIP,18,false,false,false,,provided-source,src-mvp-json|src-rows-csv
levis-stadium,138VIP,19,false,false,false,,provided-source,src-mvp-json|src-rows-csv
levis-stadium,138VIP,20,false,false,false,,provided-source,src-mvp-json|src-rows-csv
levis-stadium,138VIP,21,false,false,false,,provided-source,src-mvp-json|src-rows-csv
levis-stadium,138VIP,22,false,false,false,,provided-source,src-mvp-json|src-rows-csv
levis-stadium,138VIP,23,false,false,false,,provided-source,src-mvp-json|src-rows-csv
levis-stadium,138VIP,24,false,false,false,,provided-source,src-mvp-json|src-rows-csv
levis-stadium,138VIP,25,false,false,false,,provided-source,src-mvp-json|src-rows-csv
levis-stadium,138VIP,26,false,false,false,,provided-source,src-mvp-json|src-rows-csv
levis-stadium,138VIP,27,false,false,false,,provided-source,src-mvp-json|src-rows-csv
levis-stadium,138VIP,28,false,false,false,,provided-source,src-mvp-json|src-rows-csv
levis-stadium,138VIP,29,false,false,false,,provided-source,src-mvp-json|src-rows-csv
levis-stadium,138VIP,30,false,false,false,,provided-source,src-mvp-json|src-rows-csv
levis-stadium,138VIP,31,false,false,false,,provided-source,src-mvp-json|src-rows-csv
levis-stadium,138VIP,32,false,false,false,,provided-source,src-mvp-json|src-rows-csv
levis-stadium,138VIP,33,false,false,false,,provided-source,src-mvp-json|src-rows-csv
levis-stadium,138VIP,34,false,false,false,,provided-source,src-mvp-json|src-rows-csv
levis-stadium,138VIP,35W,true,false,false,,provided-source,src-mvp-json|src-rows-csv
levis-stadium,139VIP,6,false,false,false,,provided-source,src-mvp-json|src-rows-csv
levis-stadium,139VIP,7,false,false,false,,provided-source,src-mvp-json|src-rows-csv
levis-stadium,139VIP,8,false,false,false,,provided-source,src-mvp-json|src-rows-csv
levis-stadium,139VIP,9,false,false,false,,provided-source,src-mvp-json|src-rows-csv
levis-stadium,139VIP,10,false,false,false,,provided-source,src-mvp-json|src-rows-csv
levis-stadium,139VIP,11,false,false,false,,provided-source,src-mvp-json|src-rows-csv
levis-stadium,139VIP,12,false,false,false,,provided-source,src-mvp-json|src-rows-csv
levis-stadium,139VIP,13,false,false,false,,provided-source,src-mvp-json|src-rows-csv
levis-stadium,139VIP,14,false,false,false,,provided-source,src-mvp-json|src-rows-csv
levis-stadium,139VIP,15,false,false,false,,provided-source,src-mvp-json|src-rows-csv
levis-stadium,139VIP,16,false,false,false,,provided-source,src-mvp-json|src-rows-csv
levis-stadium,139VIP,17,false,false,false,,provided-source,src-mvp-json|src-rows-csv
levis-stadium,139VIP,18,false,false,false,,provided-source,src-mvp-json|src-rows-csv
levis-stadium,139VIP,19,false,false,false,,provided-source,src-mvp-json|src-rows-csv
levis-stadium,139VIP,20,false,false,false,,provided-source,src-mvp-json|src-rows-csv
levis-stadium,139VIP,21,false,false,false,,provided-source,src-mvp-json|src-rows-csv
levis-stadium,139VIP,22,false,false,false,,provided-source,src-mvp-json|src-rows-csv
levis-stadium,139VIP,23,false,false,false,,provided-source,src-mvp-json|src-rows-csv
levis-stadium,139VIP,24,false,false,false,,provided-source,src-mvp-json|src-rows-csv
levis-stadium,139VIP,25,false,false,false,,provided-source,src-mvp-json|src-rows-csv
levis-stadium,139VIP,26,false,false,false,,provided-source,src-mvp-json|src-rows-csv
levis-stadium,139VIP,27,false,false,false,,provided-source,src-mvp-json|src-rows-csv
levis-stadium,139VIP,28,false,false,false,,provided-source,src-mvp-json|src-rows-csv
levis-stadium,139VIP,29,false,false,false,,provided-source,src-mvp-json|src-rows-csv
levis-stadium,139VIP,30,false,false,false,,provided-source,src-mvp-json|src-rows-csv
levis-stadium,139VIP,31,false,false,false,,provided-source,src-mvp-json|src-rows-csv
levis-stadium,139VIP,32,false,false,false,,provided-source,src-mvp-json|src-rows-csv
levis-stadium,139VIP,33,false,false,false,,provided-source,src-mvp-json|src-rows-csv
levis-stadium,139VIP,34,false,false,false,,provided-source,src-mvp-json|src-rows-csv
levis-stadium,139VIP,35W,true,false,false,,provided-source,src-mvp-json|src-rows-csv
levis-stadium,P234,1,false,false,false,20,provided-source,src-mvp-json|src-rows-csv
levis-stadium,P234,2,false,false,false,20,provided-source,src-mvp-json|src-rows-csv
levis-stadium,P234,3,false,false,false,20,provided-source,src-mvp-json|src-rows-csv
levis-stadium,P234,4,false,false,false,20,provided-source,src-mvp-json|src-rows-csv
levis-stadium,P234,5,false,false,false,20,provided-source,src-mvp-json|src-rows-csv
levis-stadium,P234,6,false,false,false,20,provided-source,src-mvp-json|src-rows-csv
levis-stadium,P234,7,false,false,false,20,provided-source,src-mvp-json|src-rows-csv
levis-stadium,P234,8,false,false,false,20,provided-source,src-mvp-json|src-rows-csv
levis-stadium,P234,9,false,false,false,20,provided-source,src-mvp-json|src-rows-csv
levis-stadium,P234,10,false,false,false,20,provided-source,src-mvp-json|src-rows-csv
levis-stadium,P234,11,false,false,false,20,provided-source,src-mvp-json|src-rows-csv
levis-stadium,P234,12,false,false,false,20,provided-source,src-mvp-json|src-rows-csv
levis-stadium,P234,13,false,false,false,20,provided-source,src-mvp-json|src-rows-csv
levis-stadium,322,1,false,false,false,,provided-source,src-mvp-json|src-rows-csv
levis-stadium,322,2,false,false,false,,provided-source,src-mvp-json|src-rows-csv
levis-stadium,322,3,false,false,false,,provided-source,src-mvp-json|src-rows-csv
levis-stadium,322,4,false,false,false,,provided-source,src-mvp-json|src-rows-csv
levis-stadium,322,5,false,false,false,,provided-source,src-mvp-json|src-rows-csv
levis-stadium,322,6,false,false,false,,provided-source,src-mvp-json|src-rows-csv
levis-stadium,322,7,false,false,false,,provided-source,src-mvp-json|src-rows-csv
levis-stadium,322,8,false,false,false,,provided-source,src-mvp-json|src-rows-csv
levis-stadium,410,1,false,false,false,,provided-source,src-mvp-json|src-rows-csv
levis-stadium,410,2,false,false,false,,provided-source,src-mvp-json|src-rows-csv
levis-stadium,410,3,false,false,false,,provided-source,src-mvp-json|src-rows-csv
levis-stadium,410,4,false,false,false,,provided-source,src-mvp-json|src-rows-csv
levis-stadium,410,5,false,false,false,,provided-source,src-mvp-json|src-rows-csv
levis-stadium,410,6,false,false,false,,provided-source,src-mvp-json|src-rows-csv
levis-stadium,410,7,false,false,false,,provided-source,src-mvp-json|src-rows-csv
levis-stadium,410,8,false,false,false,,provided-source,src-mvp-json|src-rows-csv
levis-stadium,410,9,false,false,false,,provided-source,src-mvp-json|src-rows-csv
levis-stadium,410,10,false,false,false,,provided-source,src-mvp-json|src-rows-csv
levis-stadium,410,11,false,false,false,,provided-source,src-mvp-json|src-rows-csv
levis-stadium,410,12,false,false,false,,provided-source,src-mvp-json|src-rows-csv
levis-stadium,410,13,false,false,false,,provided-source,src-mvp-json|src-rows-csv
levis-stadium,410,14,false,false,false,,provided-source,src-mvp-json|src-rows-csv
levis-stadium,410,15,false,false,false,,provided-source,src-mvp-json|src-rows-csv
levis-stadium,410,16,false,false,false,,provided-source,src-mvp-json|src-rows-csv
levis-stadium,410,17,false,false,false,,provided-source,src-mvp-json|src-rows-csv
levis-stadium,410,18,false,false,false,,provided-source,src-mvp-json|src-rows-csv
levis-stadium,410,19,false,false,false,,provided-source,src-mvp-json|src-rows-csv
levis-stadium,410,20,false,false,false,,provided-source,src-mvp-json|src-rows-csv
levis-stadium,410,21,false,false,false,,provided-source,src-mvp-json|src-rows-csv
levis-stadium,410,22,false,false,false,,provided-source,src-mvp-json|src-rows-csv
levis-stadium,410,23,false,false,false,,provided-source,src-mvp-json|src-rows-csv
levis-stadium,410,24,false,false,false,,provided-source,src-mvp-json|src-rows-csv
levis-stadium,410,25,false,false,false,,provided-source,src-mvp-json|src-rows-csv
levis-stadium,410,26,false,false,false,,provided-source,src-mvp-json|src-rows-csv
levis-stadium,410,27,false,false,false,,provided-source,src-mvp-json|src-rows-csv
levis-stadium,410,28,false,false,false,,provided-source,src-mvp-json|src-rows-csv
levis-stadium,421,1,false,false,false,,provided-source,src-mvp-json|src-rows-csv
levis-stadium,421,2,false,false,false,,provided-source,src-mvp-json|src-rows-csv
levis-stadium,421,3,false,false,false,,provided-source,src-mvp-json|src-rows-csv
levis-stadium,421,4,false,false,false,,provided-source,src-mvp-json|src-rows-csv
levis-stadium,421,5,false,false,false,,provided-source,src-mvp-json|src-rows-csv
levis-stadium,421,6,false,false,false,,provided-source,src-mvp-json|src-rows-csv
levis-stadium,421,7,false,false,false,,provided-source,src-mvp-json|src-rows-csv
levis-stadium,421,8,false,false,false,,provided-source,src-mvp-json|src-rows-csv
levis-stadium,421,9,false,false,false,,provided-source,src-mvp-json|src-rows-csv
levis-stadium,421,10,false,false,false,,provided-source,src-mvp-json|src-rows-csv
levis-stadium,421,11,false,false,false,,provided-source,src-mvp-json|src-rows-csv
levis-stadium,421,12,false,false,false,,provided-source,src-mvp-json|src-rows-csv
levis-stadium,421,13,false,false,false,,provided-source,src-mvp-json|src-rows-csv
levis-stadium,421,14,false,false,false,,provided-source,src-mvp-json|src-rows-csv
levis-stadium,421,15,false,false,false,,provided-source,src-mvp-json|src-rows-csv
levis-stadium,421,16,false,false,false,,provided-source,src-mvp-json|src-rows-csv
levis-stadium,421,17,false,false,false,,provided-source,src-mvp-json|src-rows-csv
levis-stadium,421,18,false,false,false,,provided-source,src-mvp-json|src-rows-csv
levis-stadium,421,19,false,false,false,,provided-source,src-mvp-json|src-rows-csv
levis-stadium,421,20,false,false,false,,provided-source,src-mvp-json|src-rows-csv
levis-stadium,421,21,false,false,false,,provided-source,src-mvp-json|src-rows-csv
levis-stadium,421,22,false,false,false,,provided-source,src-mvp-json|src-rows-csv
levis-stadium,421,23,false,false,false,,provided-source,src-mvp-json|src-rows-csv
levis-stadium,421,24,false,false,false,,provided-source,src-mvp-json|src-rows-csv
levis-stadium,421,25,false,false,false,,provided-source,src-mvp-json|src-rows-csv
levis-stadium,421,26,false,false,false,,provided-source,src-mvp-json|src-rows-csv
levis-stadium,421,27,false,false,false,,provided-source,src-mvp-json|src-rows-csv
levis-stadium,421,28,false,false,false,,provided-source,src-mvp-json|src-rows-csv
