stadiumId,sectionId,rowLabel,seatNumber,status,sourceIds
levis-stadium,P234,1,1,provided-source,src-mvp-json|src-p234-csv
levis-stadium,P234,1,2,provided-source,src-mvp-json|src-p234-csv
levis-stadium,P234,1,3,provided-source,src-mvp-json|src-p234-csv
levis-stadium,P234,1,4,provided-source,src-mvp-json|src-p234-csv
levis-stadium,P234,1,5,provided-source,src-mvp-json|src-p234-csv
levis-stadium,P234,1,6,provided-source,src-mvp-json|src-p234-csv
levis-stadium,P234,1,7,provided-source,src-mvp-json|src-p234-csv
levis-stadium,P234,1,8,provided-source,src-mvp-json|src-p234-csv
levis-stadium,P234,1,9,provided-source,src-mvp-json|src-p234-csv
levis-stadium,P234,1,10,provided-source,src-mvp-json|src-p234-csv
levis-stadium,P234,1,11,provided-source,src-mvp-json|src-p234-csv
levis-stadium,P234,1,12,provided-source,src-mvp-json|src-p234-csv
levis-stadium,P234,1,13,provided-source,src-mvp-json|src-p234-csv
levis-stadium,P234,1,14,provided-source,src-mvp-json|src-p234-csv
levis-stadium,P234,1,15,provided-source,src-mvp-json|src-p234-csv
levis-stadium,P234,1,16,provided-source,src-mvp-json|src-p234-csv
levis-stadium,P234,1,17,provided-source,src-mvp-json|src-p234-csv
levis-stadium,P234,1,18,provided-source,src-mvp-json|src-p234-csv
levis-stadium,P234,1,19,provided-source,src-mvp-json|src-p234-csv
levis-stadium,P234,1,20,provided-source,src-mvp-json|src-p234-csv
levis-stadium,P234,2,1,provided-source,src-mvp-json|src-p234-csv
levis-stadium,P234,2,2,provided-source,src-mvp-json|src-p234-csv
levis-stadium,P234,2,3,provided-source,src-mvp-json|src-p234-csv
levis-stadium,P234,2,4,provided-source,src-mvp-json|src-p234-csv
levis-stadium,P234,2,5,provided-source,src-mvp-json|src-p234-csv
levis-stadium,P234,2,6,provided-source,src-mvp-json|src-p234-csv
levis-stadium,P234,2,7,provided-source,src-mvp-json|src-p234-csv
levis-stadium,P234,2,8,provided-source,src-mvp-json|src-p234-csv
levis-stadium,P234,2,9,provided-source,src-mvp-json|src-p234-csv
levis-stadium,P234,2,10,provided-source,src-mvp-json|src-p234-csv
levis-stadium,P234,2,11,provided-source,src-mvp-json|src-p234-csv
levis-stadium,P234,2,12,provided-source,src-mvp-json|src-p234-csv
levis-stadium,P234,2,13,provided-source,src-mvp-json|src-p234-csv
levis-stadium,P234,2,14,provided-source,src-mvp-json|src-p234-csv
levis-stadium,P234,2,15,provided-source,src-mvp-json|src-p234-csv
levis-stadium,P234,2,16,provided-source,src-mvp-json|src-p234-csv
levis-stadium,P234,2,17,provided-source,src-mvp-json|src-p234-csv
levis-stadium,P234,2,18,provided-source,src-mvp-json|src-p234-csv
levis-stadium,P234,2,19,provided-source,src-mvp-json|src-p234-csv
levis-stadium,P234,2,20,provided-source,src-mvp-json|src-p234-csv
levis-stadium,P234,3,1,provided-source,src-mvp-json|src-p234-csv
levis-stadium,P234,3,2,provided-source,src-mvp-json|src-p234-csv
levis-stadium,P234,3,3,provided-source,src-mvp-json|src-p234-csv
levis-stadium,P234,3,4,provided-source,src-mvp-json|src-p234-csv
levis-stadium,P234,3,5,provided-source,src-mvp-json|src-p234-csv
levis-stadium,P234,3,6,provided-source,src-mvp-json|src-p234-csv
levis-stadium,P234,3,7,provided-source,src-mvp-json|src-p234-csv
levis-stadium,P234,3,8,provided-source,src-mvp-json|src-p234-csv
levis-stadium,P234,3,9,provided-source,src-mvp-json|src-p234-csv
levis-stadium,P234,3,10,provided-source,src-mvp-json|src-p234-csv
levis-stadium,P234,3,11,provided-source,src-mvp-json|src-p234-csv
levis-stadium,P234,3,12,provided-source,src-mvp-json|src-p234-csv
levis-stadium,P234,3,13,provided-source,src-mvp-json|src-p234-csv
levis-stadium,P234,3,14,provided-source,src-mvp-json|src-p234-csv
levis-stadium,P234,3,15,provided-source,src-mvp-json|src-p234-csv
levis-stadium,P234,3,16,provided-source,src-mvp-json|src-p234-csv
levis-stadium,P234,3,17,provided-source,src-mvp-json|src-p234-csv
levis-stadium,P234,3,18,provided-source,src-mvp-json|src-p234-csv
levis-stadium,P234,3,19,provided-source,src-mvp-json|src-p234-csv
levis-stadium,P234,3,20,provided-source,src-mvp-json|src-p234-csv
levis-stadium,P234,4,1,provided-source,src-mvp-json|src-p234-csv
levis-stadium,P234,4,2,provided-source,src-mvp-json|src-p234-csv
levis-stadium,P234,4,3,provided-source,src-mvp-json|src-p234-csv
levis-stadium,P234,4,4,provided-source,src-mvp-json|src-p234-csv
levis-stadium,P234,4,5,provided-source,src-mvp-json|src-p234-csv
levis-stadium,P234,4,6,provided-source,src-mvp-json|src-p234-csv
levis-stadium,P234,4,7,provided-source,src-mvp-json|src-p234-csv
levis-stadium,P234,4,8,provided-source,src-mvp-json|src-p234-csv
levis-stadium,P234,4,9,provided-source,src-mvp-json|src-p234-csv
levis-stadium,P234,4,10,provided-source,src-mvp-json|src-p234-csv
levis-stadium,P234,4,11,provided-source,src-mvp-json|src-p234-csv
levis-stadium,P234,4,12,provided-source,src-mvp-json|src-p234-csv
levis-stadium,P234,4,13,provided-source,src-mvp-json|src-p234-csv
levis-stadium,P234,4,14,provided-source,src-mvp-json|src-p234-csv
levis-stadium,P234,4,15,provided-source,src-mvp-json|src-p234-csv
levis-stadium,P234,4,16,provided-source,src-mvp-json|src-p234-csv
levis-stadium,P234,4,17,provided-source,src-mvp-json|src-p234-csv
levis-stadium,P234,4,18,provided-source,src-mvp-json|src-p234-csv
levis-stadium,P234,4,19,provided-source,src-mvp-json|src-p234-csv
levis-stadium,P234,4,20,provided-source,src-mvp-json|src-p234-csv
levis-stadium,P234,5,1,provided-source,src-mvp-json|src-p234-csv
levis-stadium,P234,5,2,provided-source,src-mvp-json|src-p234-csv
levis-stadium,P234,5,3,provided-source,src-mvp-json|src-p234-csv
levis-stadium,P234,5,4,provided-source,src-mvp-json|src-p234-csv
levis-stadium,P234,5,5,provided-source,src-mvp-json|src-p234-csv
levis-stadium,P234,5,6,provided-source,src-mvp-json|src-p234-csv
levis-stadium,P234,5,7,provided-source,src-mvp-json|src-p234-csv
levis-stadium,P234,5,8,provided-source,src-mvp-json|src-p234-csv
levis-stadium,P234,5,9,provided-source,src-mvp-json|src-p234-csv
levis-stadium,P234,5,10,provided-source,src-mvp-json|src-p234-csv
levis-stadium,P234,5,11,provided-source,src-mvp-json|src-p234-csv
levis-stadium,P234,5,12,provided-source,src-mvp-json|src-p234-csv
levis-stadium,P234,5,13,provided-source,src-mvp-json|src-p234-csv
levis-stadium,P234,5,14,provided-source,src-mvp-json|src-p234-csv
levis-stadium,P234,5,15,provided-source,src-mvp-json|src-p234-csv
levis-stadium,P234,5,16,provided-source,src-mvp-json|src-p234-csv
levis-stadium,P234,5,17,provided-source,src-mvp-json|src-p234-csv
levis-stadium,P234,5,18,provided-source,src-mvp-json|src-p234-csv
levis-stadium,P234,5,19,provided-source,src-mvp-json|src-p234-csv
levis-stadium,P234,5,20,provided-source,src-mvp-json|src-p234-csv
levis-stadium,P234,6,1,provided-source,src-mvp-json|src-p234-csv
levis-stadium,P234,6,2,provided-source,src-mvp-json|src-p234-csv
levis-stadium,P234,6,3,provided-source,src-mvp-json|src-p234-csv
levis-stadium,P234,6,4,provided-source,src-mvp-json|src-p234-csv
levis-stadium,P234,6,5,provided-source,src-mvp-json|src-p234-csv
levis-stadium,P234,6,6,provided-source,src-mvp-json|src-p234-csv
levis-stadium,P234,6,7,provided-source,src-mvp-json|src-p234-csv
levis-stadium,P234,6,8,provided-source,src-mvp-json|src-p234-csv
levis-stadium,P234,6,9,provided-source,src-mvp-json|src-p234-csv
levis-stadium,P234,6,10,provided-source,src-mvp-json|src-p234-csv
levis-stadium,P234,6,11,provided-source,src-mvp-json|src-p234-csv
levis-stadium,P234,6,12,provided-source,src-mvp-json|src-p234-csv
levis-stadium,P234,6,13,provided-source,src-mvp-json|src-p234-csv
levis-stadium,P234,6,14,provided-source,src-mvp-json|src-p234-csv
levis-stadium,P234,6,15,provided-source,src-mvp-json|src-p234-csv
levis-stadium,P234,6,16,provided-source,src-mvp-json|src-p234-csv
levis-stadium,P234,6,17,provided-source,src-mvp-json|src-p234-csv
levis-stadium,P234,6,18,provided-source,src-mvp-json|src-p234-csv
levis-stadium,P234,6,19,provided-source,src-mvp-json|src-p234-csv
levis-stadium,P234,6,20,provided-source,src-mvp-json|src-p234-csv
levis-stadium,P234,7,1,provided-source,src-mvp-json|src-p234-csv
levis-stadium,P234,7,2,provided-source,src-mvp-json|src-p234-csv
levis-stadium,P234,7,3,provided-source,src-mvp-json|src-p234-csv
levis-stadium,P234,7,4,provided-source,src-mvp-json|src-p234-csv
levis-stadium,P234,7,5,provided-source,src-mvp-json|src-p234-csv
levis-stadium,P234,7,6,provided-source,src-mvp-json|src-p234-csv
levis-stadium,P234,7,7,provided-source,src-mvp-json|src-p234-csv
levis-stadium,P234,7,8,provided-source,src-mvp-json|src-p234-csv
levis-stadium,P234,7,9,provided-source,src-mvp-json|src-p234-csv
levis-stadium,P234,7,10,provided-source,src-mvp-json|src-p234-csv
levis-stadium,P234,7,11,provided-source,src-mvp-json|src-p234-csv
levis-stadium,P234,7,12,provided-source,src-mvp-json|src-p234-csv
levis-stadium,P234,7,13,provided-source,src-mvp-json|src-p234-csv
levis-stadium,P234,7,14,provided-source,src-mvp-json|src-p234-csv
levis-stadium,P234,7,15,provided-source,src-mvp-json|src-p234-csv
levis-stadium,P234,7,16,provided-source,src-mvp-json|src-p234-csv
levis-stadium,P234,7,17,provided-source,src-mvp-json|src-p234-csv
levis-stadium,P234,7,18,provided-source,src-mvp-json|src-p234-csv
levis-stadium,P234,7,19,provided-source,src-mvp-json|src-p234-csv
levis-stadium,P234,7,20,provided-source,src-mvp-json|src-p234-csv
levis-stadium,P234,8,1,provided-source,src-mvp-json|src-p234-csv
levis-stadium,P234,8,2,provided-source,src-mvp-json|src-p234-csv
levis-stadium,P234,8,3,provided-source,src-mvp-json|src-p234-csv
levis-stadium,P234,8,4,provided-source,src-mvp-json|src-p234-csv
levis-stadium,P234,8,5,provided-source,src-mvp-json|src-p234-csv
levis-stadium,P234,8,6,provided-source,src-mvp-json|src-p234-csv
levis-stadium,P234,8,7,provided-source,src-mvp-json|src-p234-csv
levis-stadium,P234,8,8,provided-source,src-mvp-json|src-p234-csv
levis-stadium,P234,8,9,provided-source,src-mvp-json|src-p234-csv
levis-stadium,P234,8,10,provided-source,src-mvp-json|src-p234-csv
levis-stadium,P234,8,11,provided-source,src-mvp-json|src-p234-csv
levis-stadium,P234,8,12,provided-source,src-mvp-json|src-p234-csv
levis-stadium,P234,8,13,provided-source,src-mvp-json|src-p234-csv
levis-stadium,P234,8,14,provided-source,src-mvp-json|src-p234-csv
levis-stadium,P234,8,15,provided-source,src-mvp-json|src-p234-csv
levis-stadium,P234,8,16,provided-source,src-mvp-json|src-p234-csv
levis-stadium,P234,8,17,provided-source,src-mvp-json|src-p234-csv
levis-stadium,P234,8,18,provided-source,src-mvp-json|src-p234-csv
levis-stadium,P234,8,19,provided-source,src-mvp-json|src-p234-csv
levis-stadium,P234,8,20,provided-source,src-mvp-json|src-p234-csv
levis-stadium,P234,9,1,provided-source,src-mvp-json|src-p234-csv
levis-stadium,P234,9,2,provided-source,src-mvp-json|src-p234-csv
levis-stadium,P234,9,3,provided-source,src-mvp-json|src-p234-csv
levis-stadium,P234,9,4,provided-source,src-mvp-json|src-p234-csv
levis-stadium,P234,9,5,provided-source,src-mvp-json|src-p234-csv
levis-stadium,P234,9,6,provided-source,src-mvp-json|src-p234-csv
levis-stadium,P234,9,7,provided-source,src-mvp-json|src-p234-csv
levis-stadium,P234,9,8,provided-source,src-mvp-json|src-p234-csv
levis-stadium,P234,9,9,provided-source,src-mvp-json|src-p234-csv
levis-stadium,P234,9,10,provided-source,src-mvp-json|src-p234-csv
levis-stadium,P234,9,11,provided-source,src-mvp-json|src-p234-csv
levis-stadium,P234,9,12,provided-source,src-mvp-json|src-p234-csv
levis-stadium,P234,9,13,provided-source,src-mvp-json|src-p234-csv
levis-stadium,P234,9,14,provided-source,src-mvp-json|src-p234-csv
levis-stadium,P234,9,15,provided-source,src-mvp-json|src-p234-csv
levis-stadium,P234,9,16,provided-source,src-mvp-json|src-p234-csv
levis-stadium,P234,9,17,provided-source,src-mvp-json|src-p234-csv
levis-stadium,P234,9,18,provided-source,src-mvp-json|src-p234-csv
levis-stadium,P234,9,19,provided-source,src-mvp-json|src-p234-csv
levis-stadium,P234,9,20,provided-source,src-mvp-json|src-p234-csv
levis-stadium,P234,10,1,provided-source,src-mvp-json|src-p234-csv
levis-stadium,P234,10,2,provided-source,src-mvp-json|src-p234-csv
levis-stadium,P234,10,3,provided-source,src-mvp-json|src-p234-csv
levis-stadium,P234,10,4,provided-source,src-mvp-json|src-p234-csv
levis-stadium,P234,10,5,provided-source,src-mvp-json|src-p234-csv
levis-stadium,P234,10,6,provided-source,src-mvp-json|src-p234-csv
levis-stadium,P234,10,7,provided-source,src-mvp-json|src-p234-csv
levis-stadium,P234,10,8,provided-source,src-mvp-json|src-p234-csv
levis-stadium,P234,10,9,provided-source,src-mvp-json|src-p234-csv
levis-stadium,P234,10,10,provided-source,src-mvp-json|src-p234-csv
levis-stadium,P234,10,11,provided-source,src-mvp-json|src-p234-csv
levis-stadium,P234,10,12,provided-source,src-mvp-json|src-p234-csv
levis-stadium,P234,10,13,provided-source,src-mvp-json|src-p234-csv
levis-stadium,P234,10,14,provided-source,src-mvp-json|src-p234-csv
levis-stadium,P234,10,15,provided-source,src-mvp-json|src-p234-csv
levis-stadium,P234,10,16,provided-source,src-mvp-json|src-p234-csv
levis-stadium,P234,10,17,provided-source,src-mvp-json|src-p234-csv
levis-stadium,P234,10,18,provided-source,src-mvp-json|src-p234-csv
levis-stadium,P234,10,19,provided-source,src-mvp-json|src-p234-csv
levis-stadium,P234,10,20,provided-source,src-mvp-json|src-p234-csv
levis-stadium,P234,11,1,provided-source,src-mvp-json|src-p234-csv
levis-stadium,P234,11,2,provided-source,src-mvp-json|src-p234-csv
levis-stadium,P234,11,3,provided-source,src-mvp-json|src-p234-csv
levis-stadium,P234,11,4,provided-source,src-mvp-json|src-p234-csv
levis-stadium,P234,11,5,provided-source,src-mvp-json|src-p234-csv
levis-stadium,P234,11,6,provided-source,src-mvp-json|src-p234-csv
levis-stadium,P234,11,7,provided-source,src-mvp-json|src-p234-csv
levis-stadium,P234,11,8,provided-source,src-mvp-json|src-p234-csv
levis-stadium,P234,11,9,provided-source,src-mvp-json|src-p234-csv
levis-stadium,P234,11,10,provided-source,src-mvp-json|src-p234-csv
levis-stadium,P234,11,11,provided-source,src-mvp-json|src-p234-csv
levis-stadium,P234,11,12,provided-source,src-mvp-json|src-p234-csv
levis-stadium,P234,11,13,provided-source,src-mvp-json|src-p234-csv
levis-stadium,P234,11,14,provided-source,src-mvp-json|src-p234-csv
levis-stadium,P234,11,15,provided-source,src-mvp-json|src-p234-csv
levis-stadium,P234,11,16,provided-source,src-mvp-json|src-p234-csv
levis-stadium,P234,11,17,provided-source,src-mvp-json|src-p234-csv
levis-stadium,P234,11,18,provided-source,src-mvp-json|src-p234-csv
levis-stadium,P234,11,19,provided-source,src-mvp-json|src-p234-csv
levis-stadium,P234,11,20,provided-source,src-mvp-json|src-p234-csv
levis-stadium,P234,12,1,provided-source,src-mvp-json|src-p234-csv
levis-stadium,P234,12,2,provided-source,src-mvp-json|src-p234-csv
levis-stadium,P234,12,3,provided-source,src-mvp-json|src-p234-csv
levis-stadium,P234,12,4,provided-source,src-mvp-json|src-p234-csv
levis-stadium,P234,12,5,provided-source,src-mvp-json|src-p234-csv
levis-stadium,P234,12,6,provided-source,src-mvp-json|src-p234-csv
levis-stadium,P234,12,7,provided-source,src-mvp-json|src-p234-csv
levis-stadium,P234,12,8,provided-source,src-mvp-json|src-p234-csv
levis-stadium,P234,12,9,provided-source,src-mvp-json|src-p234-csv
levis-stadium,P234,12,10,provided-source,src-mvp-json|src-p234-csv
levis-stadium,P234,12,11,provided-source,src-mvp-json|src-p234-csv
levis-stadium,P234,12,12,provided-source,src-mvp-json|src-p234-csv
levis-stadium,P234,12,13,provided-source,src-mvp-json|src-p234-csv
levis-stadium,P234,12,14,provided-source,src-mvp-json|src-p234-csv
levis-stadium,P234,12,15,provided-source,src-mvp-json|src-p234-csv
levis-stadium,P234,12,16,provided-source,src-mvp-json|src-p234-csv
levis-stadium,P234,12,17,provided-source,src-mvp-json|src-p234-csv
levis-stadium,P234,12,18,provided-source,src-mvp-json|src-p234-csv
levis-stadium,P234,12,19,provided-source,src-mvp-json|src-p234-csv
levis-stadium,P234,12,20,provided-source,src-mvp-json|src-p234-csv
levis-stadium,P234,13,1,provided-source,src-mvp-json|src-p234-csv
levis-stadium,P234,13,2,provided-source,src-mvp-json|src-p234-csv
levis-stadium,P234,13,3,provided-source,src-mvp-json|src-p234-csv
levis-stadium,P234,13,4,provided-source,src-mvp-json|src-p234-csv
levis-stadium,P234,13,5,provided-source,src-mvp-json|src-p234-csv
levis-stadium,P234,13,6,provided-source,src-mvp-json|src-p234-csv
levis-stadium,P234,13,7,provided-source,src-mvp-json|src-p234-csv
levis-stadium,P234,13,8,provided-source,src-mvp-json|src-p234-csv
levis-stadium,P234,13,9,provided-source,src-mvp-json|src-p234-csv
levis-stadium,P234,13,10,provided-source,src-mvp-json|src-p234-csv
levis-stadium,P234,13,11,provided-source,src-mvp-json|src-p234-csv
levis-stadium,P234,13,12,provided-source,src-mvp-json|src-p234-csv
levis-stadium,P234,13,13,provided-source,src-mvp-json|src-p234-csv
levis-stadium,P234,13,14,provided-source,src-mvp-json|src-p234-csv
levis-stadium,P234,13,15,provided-source,src-mvp-json|src-p234-csv
levis-stadium,P234,13,16,provided-source,src-mvp-json|src-p234-csv
levis-stadium,P234,13,17,provided-source,src-mvp-json|src-p234-csv
levis-stadium,P234,13,18,provided-source,src-mvp-json|src-p234-csv
levis-stadium,P234,13,19,provided-source,src-mvp-json|src-p234-csv
levis-stadium,P234,13,20,provided-source,src-mvp-json|src-p234-csv
